Team ID,Team Name,Members,Registered,Participated,Monitoring Rounod 1,Mentoring Round 2,Submitted Project,Met Criteria,Selected in Top 5,Registered_Not_Participated, Participated_Not_Submitted ,Not_Met_Criteria,Submitted_Not_in_Top_5  ,Top_5_Selected  ,Completion Score,Summary
T0001,Data Squad,5,Yes,Yes,Yes,Yes,Yes,Yes,No,,,,Data Squad,,8,"Registered: 580 | Participated: 533 | Submitted: 267
"
T0002,Data Wizards,3,Yes,Yes,Yes,No,No,No,No,,Data Wizards,Data Wizards,,,3,
T0003,Byte Force,3,Yes,Yes,Yes,Yes,No,No,No,,Byte Force,Byte Force,,,4,
T0004,Tech Wizards,5,Yes,Yes,Yes,No,No,No,No,,Tech Wizards,Tech Wizards,,,3,
T0005,Dev Squad,4,Yes,Yes,Yes,Yes,Yes,No,No,,,Dev Squad,Dev Squad,,6,
T0006,Data Ninjas,3,Yes,Yes,No,No,No,No,No,,Data Ninjas,Data Ninjas,,,2,
T0007,Dev Force,3,Yes,Yes,Yes,Yes,Yes,Yes,No,,,,Dev Force,,8,
T0008,Code Crew,5,Yes,Yes,Yes,Yes,Yes,Yes,No,,,,Code Crew,,8,
T0009,Hack Rangers,4,Yes,Yes,Yes,Yes,No,No,No,,Hack Rangers,Hack Rangers,,,4,
T0010,Script Wizards,4,Yes,Yes,Yes,Yes,Yes,No,No,,,Script Wizards,Script Wizards,,6,
T0011,Hack Squad,2,Yes,Yes,Yes,Yes,Yes,No,No,,,Hack Squad,Hack Squad,,6,
T0012,Bit Ninjas,4,Yes,Yes,Yes,Yes,Yes,Yes,No,,,,Bit Ninjas,,8,
T0013,Code Squad,2,Yes,Yes,Yes,Yes,No,No,No,,Code Squad,Code Squad,,,4,
T0014,Dev Squad,5,Yes,Yes,Yes,Yes,Yes,Yes,No,,,,Dev Squad,,8,
T0015,Script Masters,3,Yes,Yes,Yes,Yes,No,No,No,,Script Masters,Script Masters,,,4,
,,,,,,,,,,,,,,,0,
T0017,Hack Wizards,2,Yes,Yes,Yes,No,No,No,No,,Hack Wizards,Hack Wizards,,,3,
T0018,Byte Tigers,2,Yes,Yes,Yes,No,No,No,No,,Byte Tigers,Byte Tigers,,,3,
T0019,Byte Warriors,5,Yes,Yes,Yes,Yes,Yes,Yes,No,,,,Byte Warriors,,8,
T0020,Script Force,5,Yes,Yes,Yes,Yes,No,No,No,,Script Force,Script Force,,,4,
T0021,Algo Crew,5,Yes,Yes,Yes,Yes,Yes,Yes,No,,,,Algo Crew,,8,
T0022,Algo Crew,2,Yes,Yes,Yes,Yes,Yes,No,No,,,Algo Crew,Algo Crew,,6,
T0023,Bit Warriors,2,Yes,Yes,Yes,Yes,Yes,Yes,No,,,,Bit Warriors,,8,
T0024,Algo Rangers,5,Yes,Yes,No,No,No,No,No,,Algo Rangers,Algo Rangers,,,2,
T0025,Tech Masters,4,Yes,Yes,Yes,Yes,No,No,No,,Tech Masters,Tech Masters,,,4,
T0026,Byte Engineers,2,Yes,No,No,No,No,No,No,Byte Engineers,,Byte Engineers,,,1,
T0027,Cyber Force,5,Yes,Yes,Yes,Yes,Yes,Yes,No,,,,Cyber Force,,8,
T0028,Hack Force,5,Yes,No,No,No,No,No,No,Hack Force,,Hack Force,,,1,
T0029,Data Rangers,5,Yes,Yes,No,No,No,No,No,,Data Rangers,Data Rangers,,,2,
T0030,Bit Tigers,4,Yes,Yes,Yes,Yes,Yes,No,No,,,Bit Tigers,Bit Tigers,,6,
T0031,Dev Wizards,5,Yes,Yes,Yes,No,No,No,No,,Dev Wizards,Dev Wizards,,,3,
,,,,,,,,,,,,,,,0,
T0033,Byte Squad,4,Yes,Yes,Yes,Yes,Yes,No,No,,,Byte Squad,Byte Squad,,6,
T0034,Bit Ninjas,4,Yes,Yes,Yes,Yes,No,No,No,,Bit Ninjas,Bit Ninjas,,,4,
T0035,Byte Masters,2,Yes,Yes,Yes,Yes,Yes,Yes,No,,,,Byte Masters,,8,
T0036,Cyber Ninjas,3,Yes,No,No,No,No,No,No,Cyber Ninjas,,Cyber Ninjas,,,1,
T0037,Dev Tigers,2,Yes,No,No,No,No,No,No,Dev Tigers,,Dev Tigers,,,1,
T0038,Algo Squad,5,Yes,Yes,Yes,No,No,No,No,,Algo Squad,Algo Squad,,,3,
T0039,Code Ninjas,3,Yes,Yes,Yes,Yes,Yes,Yes,No,,,,Code Ninjas,,8,
,,,,,,,,,,,,,,,0,
T0041,Code Wizards,3,Yes,Yes,Yes,No,No,No,No,,Code Wizards,Code Wizards,,,3,
T0042,Tech Force,5,Yes,No,No,No,No,No,No,Tech Force,,Tech Force,,,1,
T0043,Bit Force,2,Yes,Yes,Yes,Yes,No,No,No,,Bit Force,Bit Force,,,4,
T0044,Byte Force,3,Yes,No,No,No,No,No,No,Byte Force,,Byte Force,,,1,
T0045,Byte Ninjas,2,Yes,Yes,Yes,Yes,No,No,No,,Byte Ninjas,Byte Ninjas,,,4,
T0046,Tech Squad,3,Yes,Yes,No,No,No,No,No,,Tech Squad,Tech Squad,,,2,
T0047,Bit Warriors,3,Yes,Yes,Yes,No,No,No,No,,Bit Warriors,Bit Warriors,,,3,
T0048,Cyber Tigers,2,Yes,Yes,Yes,Yes,No,No,No,,Cyber Tigers,Cyber Tigers,,,4,
T0049,Hack Crew,2,Yes,No,No,No,No,No,No,Hack Crew,,Hack Crew,,,1,
T0050,Data Wizards,3,Yes,Yes,Yes,No,No,No,No,,Data Wizards,Data Wizards,,,3,
T0051,Data Force,5,Yes,Yes,Yes,Yes,No,No,No,,Data Force,Data Force,,,4,
T0052,Tech Wizards,4,Yes,Yes,Yes,No,No,No,No,,Tech Wizards,Tech Wizards,,,3,
T0053,Cyber Masters,5,Yes,Yes,No,No,No,No,No,,Cyber Masters,Cyber Masters,,,2,
T0054,Hack Wizards,2,Yes,Yes,Yes,Yes,No,No,No,,Hack Wizards,Hack Wizards,,,4,
T0055,Algo Wizards,2,Yes,No,No,No,No,No,No,Algo Wizards,,Algo Wizards,,,1,
T0056,Script Ninjas,3,Yes,Yes,Yes,No,No,No,No,,Script Ninjas,Script Ninjas,,,3,
T0057,Bit Rangers,4,Yes,Yes,Yes,No,No,No,No,,Bit Rangers,Bit Rangers,,,3,
T0058,Hack Wizards,5,Yes,Yes,Yes,Yes,No,No,No,,Hack Wizards,Hack Wizards,,,4,
T0059,Tech Ninjas,5,Yes,No,No,No,No,No,No,Tech Ninjas,,Tech Ninjas,,,1,
T0060,Code Tigers,4,Yes,Yes,Yes,Yes,Yes,Yes,No,,,,Code Tigers,,8,
T0061,Byte Wizards,4,Yes,Yes,Yes,Yes,Yes,Yes,No,,,,Byte Wizards,,8,
T0062,Tech Squad,4,Yes,Yes,Yes,Yes,Yes,Yes,No,,,,Tech Squad,,8,
T0063,Cyber Engineers,3,Yes,Yes,Yes,No,No,No,No,,Cyber Engineers,Cyber Engineers,,,3,
T0064,Byte Squad,2,Yes,Yes,No,No,No,No,No,,Byte Squad,Byte Squad,,,2,
T0065,Bit Warriors,5,Yes,Yes,Yes,No,No,No,No,,Bit Warriors,Bit Warriors,,,3,
T0066,Hack Rangers,2,Yes,Yes,Yes,No,No,No,No,,Hack Rangers,Hack Rangers,,,3,
T0067,Byte Masters,5,Yes,Yes,No,No,No,No,No,,Byte Masters,Byte Masters,,,2,
T0068,Cyber Crew,2,Yes,Yes,Yes,Yes,Yes,No,No,,,Cyber Crew,Cyber Crew,,6,
T0069,Data Masters,2,Yes,No,No,No,No,No,No,Data Masters,,Data Masters,,,1,
T0070,Algo Masters,2,Yes,Yes,Yes,Yes,Yes,Yes,No,,,,Algo Masters,,8,
T0071,Hack Warriors,3,Yes,Yes,Yes,Yes,Yes,No,No,,,Hack Warriors,Hack Warriors,,6,
T0072,Hack Squad,5,Yes,Yes,Yes,Yes,No,No,No,,Hack Squad,Hack Squad,,,4,
T0073,Bit Warriors,2,Yes,Yes,Yes,No,No,No,No,,Bit Warriors,Bit Warriors,,,3,
T0074,Code Warriors,2,Yes,Yes,Yes,Yes,Yes,No,No,,,Code Warriors,Code Warriors,,6,
T0075,Byte Tigers,2,Yes,Yes,Yes,Yes,No,No,No,,Byte Tigers,Byte Tigers,,,4,
T0076,Data Wizards,2,Yes,Yes,Yes,Yes,Yes,No,No,,,Data Wizards,Data Wizards,,6,
T0077,Cyber Masters,4,Yes,Yes,Yes,Yes,No,No,No,,Cyber Masters,Cyber Masters,,,4,
T0078,Tech Crew,4,Yes,Yes,Yes,No,No,No,No,,Tech Crew,Tech Crew,,,3,
T0079,Script Force,5,Yes,No,No,No,No,No,No,Script Force,,Script Force,,,1,
T0080,Dev Warriors,4,Yes,Yes,Yes,Yes,Yes,Yes,No,,,,Dev Warriors,,8,
T0081,Cyber Ninjas,4,Yes,Yes,Yes,Yes,No,No,No,,Cyber Ninjas,Cyber Ninjas,,,4,
T0082,Cyber Rangers,5,Yes,No,No,No,No,No,No,Cyber Rangers,,Cyber Rangers,,,1,
T0083,Tech Ninjas,5,Yes,Yes,No,No,No,No,No,,Tech Ninjas,Tech Ninjas,,,2,
T0084,Algo Ninjas,2,Yes,Yes,Yes,Yes,Yes,Yes,No,,,,Algo Ninjas,,8,
T0085,Dev Warriors,2,Yes,Yes,Yes,No,No,No,No,,Dev Warriors,Dev Warriors,,,3,
T0086,Cyber Rangers,2,Yes,Yes,Yes,Yes,Yes,Yes,No,,,,Cyber Rangers,,8,
T0087,Algo Wizards,3,Yes,Yes,Yes,Yes,Yes,No,No,,,Algo Wizards,Algo Wizards,,6,
T0088,Dev Wizards,2,Yes,Yes,Yes,Yes,No,No,No,,Dev Wizards,Dev Wizards,,,4,
T0089,Tech Ninjas,2,Yes,No,No,No,No,No,No,Tech Ninjas,,Tech Ninjas,,,1,
T0090,Tech Force,4,Yes,Yes,Yes,Yes,Yes,Yes,No,,,,Tech Force,,8,
T0091,Code Tigers,4,Yes,Yes,Yes,Yes,No,No,No,,Code Tigers,Code Tigers,,,4,
,,,,,,,,,,,,,,,0,
,,,,,,,,,,,,,,,0,
T0094,Algo Squad,2,Yes,Yes,Yes,Yes,Yes,Yes,No,,,,Algo Squad,,8,
T0095,Algo Tigers,2,Yes,Yes,No,No,No,No,No,,Algo Tigers,Algo Tigers,,,2,
T0096,Dev Squad,2,Yes,Yes,Yes,Yes,Yes,Yes,No,,,,Dev Squad,,8,
T0097,Script Crew,4,Yes,Yes,Yes,Yes,No,No,No,,Script Crew,Script Crew,,,4,
T0098,Hack Force,4,Yes,Yes,Yes,Yes,Yes,Yes,No,,,,Hack Force,,8,
T0099,Data Squad,4,Yes,No,No,No,No,No,No,Data Squad,,Data Squad,,,1,
T0100,Algo Masters,5,Yes,Yes,Yes,Yes,No,No,No,,Algo Masters,Algo Masters,,,4,
T0101,Hack Rangers,2,Yes,Yes,Yes,Yes,Yes,Yes,No,,,,Hack Rangers,,8,
T0102,Hack Ninjas,5,Yes,Yes,Yes,Yes,Yes,Yes,No,,,,Hack Ninjas,,8,
T0103,Data Tigers,3,Yes,Yes,Yes,Yes,Yes,No,No,,,Data Tigers,Data Tigers,,6,
T0104,Script Force,5,Yes,Yes,Yes,Yes,Yes,No,No,,,Script Force,Script Force,,6,
T0105,Tech Force,3,Yes,Yes,Yes,Yes,Yes,No,No,,,Tech Force,Tech Force,,6,
T0106,Byte Force,3,Yes,Yes,Yes,No,No,No,No,,Byte Force,Byte Force,,,3,
T0107,Tech Crew,4,Yes,Yes,Yes,Yes,Yes,No,No,,,Tech Crew,Tech Crew,,6,
T0108,Dev Wizards,3,Yes,Yes,Yes,Yes,Yes,Yes,No,,,,Dev Wizards,,8,
T0109,Cyber Force,4,Yes,Yes,Yes,Yes,No,No,No,,Cyber Force,Cyber Force,,,4,
T0110,Dev Masters,4,Yes,Yes,Yes,No,No,No,No,,Dev Masters,Dev Masters,,,3,
T0111,Code Ninjas,2,Yes,Yes,Yes,Yes,No,No,No,,Code Ninjas,Code Ninjas,,,4,
T0112,Byte Force,2,Yes,Yes,Yes,No,No,No,No,,Byte Force,Byte Force,,,3,
T0113,Cyber Tigers,3,Yes,Yes,Yes,Yes,Yes,Yes,No,,,,Cyber Tigers,,8,
T0114,Algo Ninjas,2,Yes,Yes,Yes,No,No,No,No,,Algo Ninjas,Algo Ninjas,,,3,
T0115,Hack Wizards,3,Yes,Yes,Yes,Yes,Yes,Yes,No,,,,Hack Wizards,,8,
T0116,Dev Rangers,2,Yes,Yes,Yes,Yes,Yes,No,No,,,Dev Rangers,Dev Rangers,,6,
T0117,Algo Masters,5,Yes,Yes,Yes,Yes,Yes,Yes,No,,,,Algo Masters,,8,
,,,,,,,,,,,,,,,0,
T0119,Cyber Crew,4,Yes,Yes,Yes,Yes,Yes,Yes,No,,,,Cyber Crew,,8,
T0120,Data Wizards,2,Yes,Yes,No,No,No,No,No,,Data Wizards,Data Wizards,,,2,
T0121,Bit Crew,5,Yes,Yes,Yes,Yes,No,No,No,,Bit Crew,Bit Crew,,,4,
T0122,Bit Warriors,3,Yes,Yes,Yes,Yes,Yes,Yes,No,,,,Bit Warriors,,8,
T0123,Script Warriors,4,Yes,Yes,Yes,No,No,No,No,,Script Warriors,Script Warriors,,,3,
T0124,Algo Force,3,Yes,Yes,Yes,No,No,No,No,,Algo Force,Algo Force,,,3,
T0125,Data Rangers,2,Yes,Yes,Yes,Yes,Yes,Yes,No,,,,Data Rangers,,8,
T0126,Algo Force,4,Yes,Yes,Yes,Yes,Yes,Yes,No,,,,Algo Force,,8,
T0127,Data Engineers,3,Yes,Yes,Yes,Yes,Yes,Yes,No,,,,Data Engineers,,8,
T0128,Data Ninjas,4,Yes,Yes,Yes,Yes,Yes,Yes,No,,,,Data Ninjas,,8,
T0129,Hack Wizards,2,Yes,Yes,Yes,Yes,Yes,Yes,No,,,,Hack Wizards,,8,
T0130,Hack Crew,4,Yes,Yes,Yes,No,No,No,No,,Hack Crew,Hack Crew,,,3,
T0131,Script Ninjas,3,Yes,Yes,Yes,Yes,Yes,Yes,No,,,,Script Ninjas,,8,
T0132,Tech Tigers,3,Yes,Yes,Yes,Yes,No,No,No,,Tech Tigers,Tech Tigers,,,4,
T0133,Algo Engineers,3,Yes,Yes,Yes,Yes,Yes,Yes,No,,,,Algo Engineers,,8,
T0134,Data Tigers,4,Yes,Yes,Yes,Yes,No,No,No,,Data Tigers,Data Tigers,,,4,
,,,,,,,,,,,,,,,0,
T0136,Byte Force,4,Yes,Yes,No,No,No,No,No,,Byte Force,Byte Force,,,2,
T0137,Code Rangers,3,Yes,Yes,Yes,Yes,Yes,Yes,No,,,,Code Rangers,,8,
T0138,Bit Engineers,,Yes,Yes,Yes,Yes,No,No,No,,Bit Engineers,Bit Engineers,,,4,
T0139,Data Ninjas,3,Yes,Yes,Yes,No,No,No,No,,Data Ninjas,Data Ninjas,,,3,
T0140,Bit Wizards,5,Yes,Yes,Yes,Yes,Yes,Yes,No,,,,Bit Wizards,,8,
T0141,Algo Squad,5,Yes,Yes,Yes,Yes,Yes,Yes,No,,,,Algo Squad,,8,
T0142,Cyber Wizards,4,Yes,Yes,Yes,Yes,Yes,Yes,No,,,,Cyber Wizards,,8,
T0143,Hack Crew,4,Yes,Yes,Yes,Yes,Yes,Yes,No,,,,Hack Crew,,8,
T0144,Algo Tigers,3,Yes,Yes,Yes,Yes,Yes,No,No,,,Algo Tigers,Algo Tigers,,6,
T0145,Hack Squad,5,Yes,Yes,Yes,Yes,Yes,Yes,No,,,,Hack Squad,,8,
T0146,Algo Wizards,,Yes,Yes,Yes,Yes,Yes,Yes,No,,,,Algo Wizards,,8,
T0147,Code Force,4,Yes,Yes,Yes,Yes,Yes,Yes,No,,,,Code Force,,8,
T0148,Bit Force,5,Yes,Yes,Yes,Yes,Yes,No,No,,,Bit Force,Bit Force,,6,
T0149,Tech Masters,5,Yes,Yes,Yes,Yes,Yes,No,No,,,Tech Masters,Tech Masters,,6,
,,,,,,,,,,,,,,,0,
T0151,Byte Crew,,Yes,Yes,Yes,Yes,Yes,Yes,No,,,,Byte Crew,,8,
T0152,Dev Warriors,4,Yes,Yes,Yes,Yes,Yes,Yes,No,,,,Dev Warriors,,8,
,,,,,,,,,,,,,,,0,
T0154,Hack Force,2,Yes,Yes,Yes,Yes,No,No,No,,Hack Force,Hack Force,,,4,
T0155,Tech Crew,2,Yes,Yes,Yes,No,No,No,No,,Tech Crew,Tech Crew,,,3,
T0156,Algo Engineers,5,Yes,Yes,No,No,No,No,No,,Algo Engineers,Algo Engineers,,,2,
T0157,Hack Masters,2,Yes,Yes,Yes,Yes,No,No,No,,Hack Masters,Hack Masters,,,4,
T0158,Data Rangers,2,Yes,Yes,Yes,Yes,No,No,No,,Data Rangers,Data Rangers,,,4,
T0159,Tech Tigers,4,Yes,Yes,Yes,Yes,No,No,No,,Tech Tigers,Tech Tigers,,,4,
T0160,Script Wizards,4,Yes,Yes,Yes,Yes,Yes,Yes,No,,,,Script Wizards,,8,
T0161,Cyber Wizards,2,Yes,Yes,Yes,Yes,No,No,No,,Cyber Wizards,Cyber Wizards,,,4,
T0162,Dev Tigers,5,Yes,Yes,Yes,Yes,Yes,Yes,No,,,,Dev Tigers,,8,
T0163,Hack Masters,4,Yes,Yes,Yes,Yes,No,No,No,,Hack Masters,Hack Masters,,,4,
T0164,Script Wizards,4,Yes,Yes,Yes,Yes,No,No,No,,Script Wizards,Script Wizards,,,4,
T0165,Bit Warriors,4,Yes,Yes,Yes,Yes,Yes,Yes,No,,,,Bit Warriors,,8,
T0166,Bit Squad,,Yes,Yes,Yes,No,No,No,No,,Bit Squad,Bit Squad,,,3,
T0167,Algo Crew,5,Yes,Yes,Yes,No,No,No,No,,Algo Crew,Algo Crew,,,3,
T0168,Algo Warriors,2,Yes,Yes,Yes,Yes,Yes,No,No,,,Algo Warriors,Algo Warriors,,6,
T0169,Data Ninjas,4,Yes,Yes,No,No,No,No,No,,Data Ninjas,Data Ninjas,,,2,
T0170,Script Warriors,3,Yes,Yes,Yes,Yes,Yes,No,No,,,Script Warriors,Script Warriors,,6,
T0171,Cyber Engineers,3,Yes,Yes,No,No,No,No,No,,Cyber Engineers,Cyber Engineers,,,2,
T0172,Byte Force,3,Yes,Yes,Yes,Yes,No,No,No,,Byte Force,Byte Force,,,4,
T0173,Script Masters,4,Yes,Yes,Yes,Yes,No,No,No,,Script Masters,Script Masters,,,4,
T0174,Byte Force,3,Yes,No,No,No,No,No,No,Byte Force,,Byte Force,,,1,
T0175,Byte Warriors,,Yes,Yes,Yes,Yes,Yes,Yes,No,,,,Byte Warriors,,8,
T0176,Script Ninjas,3,Yes,Yes,Yes,Yes,Yes,No,No,,,Script Ninjas,Script Ninjas,,6,
T0177,Cyber Tigers,2,Yes,No,No,No,No,No,No,Cyber Tigers,,Cyber Tigers,,,1,
T0178,Bit Warriors,2,Yes,Yes,No,No,No,No,No,,Bit Warriors,Bit Warriors,,,2,
,,,,,,,,,,,,,,,0,
T0180,Data Crew,3,Yes,Yes,Yes,No,No,No,No,,Data Crew,Data Crew,,,3,
T0181,Cyber Masters,4,Yes,Yes,Yes,Yes,Yes,Yes,No,,,,Cyber Masters,,8,
T0182,Dev Warriors,4,Yes,Yes,Yes,Yes,No,No,No,,Dev Warriors,Dev Warriors,,,4,
T0183,Data Crew,3,Yes,Yes,Yes,Yes,Yes,Yes,No,,,,Data Crew,,8,
T0184,Code Force,5,Yes,Yes,Yes,Yes,No,No,No,,Code Force,Code Force,,,4,
T0185,Tech Rangers,5,Yes,Yes,No,No,No,No,No,,Tech Rangers,Tech Rangers,,,2,
T0186,Data Squad,3,Yes,Yes,Yes,Yes,No,No,No,,Data Squad,Data Squad,,,4,
,,,,,,,,,,,,,,,0,
T0188,Code Ninjas,3,Yes,Yes,Yes,Yes,Yes,Yes,No,,,,Code Ninjas,,8,
T0189,Byte Masters,2,Yes,Yes,Yes,No,No,No,No,,Byte Masters,Byte Masters,,,3,
T0190,Bit Tigers,2,Yes,Yes,Yes,Yes,Yes,No,No,,,Bit Tigers,Bit Tigers,,6,
T0191,Byte Masters,5,Yes,Yes,Yes,Yes,No,No,No,,Byte Masters,Byte Masters,,,4,
T0192,Hack Tigers,2,Yes,No,No,No,No,No,No,Hack Tigers,,Hack Tigers,,,1,
T0193,Dev Rangers,4,Yes,Yes,Yes,Yes,Yes,Yes,No,,,,Dev Rangers,,8,
T0194,Dev Rangers,5,Yes,Yes,Yes,No,No,No,No,,Dev Rangers,Dev Rangers,,,3,
T0195,Cyber Squad,3,Yes,No,No,No,No,No,No,Cyber Squad,,Cyber Squad,,,1,
T0196,Bit Warriors,3,Yes,Yes,Yes,Yes,No,No,No,,Bit Warriors,Bit Warriors,,,4,
T0197,Code Ninjas,5,Yes,Yes,Yes,Yes,Yes,Yes,No,,,,Code Ninjas,,8,
T0198,Algo Squad,4,Yes,Yes,Yes,No,No,No,No,,Algo Squad,Algo Squad,,,3,
T0199,Algo Masters,4,Yes,Yes,Yes,Yes,Yes,No,No,,,Algo Masters,Algo Masters,,6,
T0200,Algo Force,4,Yes,Yes,Yes,Yes,No,No,No,,Algo Force,Algo Force,,,4,
T0201,Cyber Ninjas,2,Yes,Yes,Yes,No,No,No,No,,Cyber Ninjas,Cyber Ninjas,,,3,
T0202,Algo Warriors,4,Yes,Yes,Yes,Yes,Yes,Yes,No,,,,Algo Warriors,,8,
T0203,Cyber Crew,4,Yes,Yes,Yes,Yes,Yes,Yes,No,,,,Cyber Crew,,8,
T0204,Bit Squad,5,Yes,No,No,No,No,No,No,Bit Squad,,Bit Squad,,,1,
T0205,Hack Wizards,4,Yes,Yes,Yes,Yes,Yes,Yes,No,,,,Hack Wizards,,8,
T0206,Bit Tigers,2,Yes,Yes,Yes,Yes,Yes,Yes,No,,,,Bit Tigers,,8,
T0207,Hack Squad,5,Yes,Yes,Yes,Yes,Yes,Yes,No,,,,Hack Squad,,8,
T0208,Data Ninjas,4,Yes,Yes,Yes,No,No,No,No,,Data Ninjas,Data Ninjas,,,3,
T0209,Tech Masters,3,Yes,Yes,Yes,Yes,Yes,Yes,No,,,,Tech Masters,,8,
T0210,Data Crew,4,Yes,Yes,Yes,Yes,Yes,Yes,No,,,,Data Crew,,8,
T0211,Cyber Force,2,Yes,Yes,Yes,Yes,No,No,No,,Cyber Force,Cyber Force,,,4,
T0212,Hack Masters,3,Yes,Yes,Yes,Yes,Yes,Yes,No,,,,Hack Masters,,8,
T0213,Code Rangers,2,Yes,Yes,Yes,Yes,No,No,No,,Code Rangers,Code Rangers,,,4,
T0214,Algo Ninjas,4,Yes,Yes,Yes,Yes,Yes,Yes,No,,,,Algo Ninjas,,8,
T0215,Hack Engineers,4,Yes,Yes,Yes,Yes,No,No,No,,Hack Engineers,Hack Engineers,,,4,
T0216,Code Engineers,3,Yes,Yes,Yes,Yes,Yes,Yes,No,,,,Code Engineers,,8,
T0217,Dev Masters,2,Yes,Yes,Yes,Yes,Yes,Yes,No,,,,Dev Masters,,8,
T0218,Tech Force,3,Yes,Yes,Yes,Yes,No,No,No,,Tech Force,Tech Force,,,4,
T0219,Tech Wizards,5,Yes,Yes,Yes,Yes,Yes,Yes,Yes,,,,,Tech Wizards,11,
T0220,Byte Engineers,4,Yes,Yes,Yes,Yes,Yes,Yes,No,,,,Byte Engineers,,8,
T0221,Hack Engineers,3,Yes,Yes,Yes,Yes,Yes,Yes,No,,,,Hack Engineers,,8,
T0222,Cyber Ninjas,3,Yes,Yes,Yes,Yes,Yes,Yes,No,,,,Cyber Ninjas,,8,
T0223,Tech Ninjas,4,Yes,Yes,Yes,Yes,Yes,Yes,No,,,,Tech Ninjas,,8,
T0224,Bit Tigers,2,Yes,Yes,Yes,No,No,No,No,,Bit Tigers,Bit Tigers,,,3,
T0225,Script Squad,5,Yes,Yes,Yes,Yes,No,No,No,,Script Squad,Script Squad,,,4,
T0226,Code Ninjas,4,Yes,Yes,Yes,Yes,Yes,Yes,No,,,,Code Ninjas,,8,
T0227,Code Ninjas,3,Yes,Yes,No,No,No,No,No,,Code Ninjas,Code Ninjas,,,2,
T0228,Dev Squad,4,Yes,Yes,Yes,No,No,No,No,,Dev Squad,Dev Squad,,,3,
T0229,Byte Squad,5,Yes,Yes,Yes,Yes,Yes,Yes,No,,,,Byte Squad,,8,
T0230,Bit Crew,5,Yes,Yes,Yes,Yes,Yes,Yes,No,,,,Bit Crew,,8,
T0231,Code Crew,2,Yes,Yes,No,No,No,No,No,,Code Crew,Code Crew,,,2,
T0232,Byte Force,5,Yes,Yes,Yes,Yes,Yes,Yes,No,,,,Byte Force,,8,
T0233,Hack Rangers,2,Yes,Yes,Yes,Yes,No,No,No,,Hack Rangers,Hack Rangers,,,4,
T0234,Code Squad,2,Yes,No,No,No,No,No,No,Code Squad,,Code Squad,,,1,
T0235,Hack Crew,2,Yes,Yes,Yes,No,No,No,No,,Hack Crew,Hack Crew,,,3,
T0236,Code Wizards,5,Yes,Yes,Yes,No,No,No,No,,Code Wizards,Code Wizards,,,3,
T0237,Byte Masters,2,Yes,Yes,No,No,No,No,No,,Byte Masters,Byte Masters,,,2,
T0238,Cyber Masters,4,Yes,Yes,Yes,Yes,Yes,Yes,No,,,,Cyber Masters,,8,
T0239,Code Force,2,Yes,Yes,No,No,No,No,No,,Code Force,Code Force,,,2,
T0240,Data Force,3,Yes,Yes,Yes,Yes,Yes,Yes,No,,,,Data Force,,8,
T0241,Byte Force,3,Yes,Yes,Yes,Yes,Yes,Yes,No,,,,Byte Force,,8,
T0242,Bit Engineers,5,Yes,Yes,Yes,Yes,Yes,No,No,,,Bit Engineers,Bit Engineers,,6,
T0243,Data Ninjas,5,Yes,Yes,Yes,Yes,Yes,No,No,,,Data Ninjas,Data Ninjas,,6,
T0244,Bit Warriors,2,Yes,No,No,No,No,No,No,Bit Warriors,,Bit Warriors,,,1,
T0245,Bit Force,2,Yes,Yes,Yes,No,No,No,No,,Bit Force,Bit Force,,,3,
T0246,Dev Ninjas,,Yes,Yes,Yes,Yes,Yes,Yes,No,,,,Dev Ninjas,,8,
T0247,Hack Rangers,5,Yes,Yes,Yes,Yes,Yes,Yes,No,,,,Hack Rangers,,8,
T0248,Data Tigers,,Yes,Yes,Yes,Yes,No,No,No,,Data Tigers,Data Tigers,,,4,
T0249,Script Masters,5,Yes,Yes,Yes,Yes,Yes,No,No,,,Script Masters,Script Masters,,6,
T0250,Data Wizards,5,Yes,Yes,No,No,No,No,No,,Data Wizards,Data Wizards,,,2,
T0251,Cyber Tigers,4,Yes,Yes,Yes,Yes,Yes,No,No,,,Cyber Tigers,Cyber Tigers,,6,
T0252,Cyber Engineers,4,Yes,Yes,Yes,Yes,No,No,No,,Cyber Engineers,Cyber Engineers,,,4,
T0253,Hack Ninjas,5,Yes,Yes,Yes,Yes,Yes,Yes,No,,,,Hack Ninjas,,8,
T0254,Bit Crew,4,Yes,Yes,Yes,No,No,No,No,,Bit Crew,Bit Crew,,,3,
T0255,Algo Warriors,2,Yes,Yes,No,No,No,No,No,,Algo Warriors,Algo Warriors,,,2,
T0256,Hack Tigers,4,Yes,Yes,Yes,Yes,No,No,No,,Hack Tigers,Hack Tigers,,,4,
T0257,Code Squad,5,Yes,Yes,No,No,No,No,No,,Code Squad,Code Squad,,,2,
T0258,Dev Warriors,5,Yes,Yes,Yes,No,No,No,No,,Dev Warriors,Dev Warriors,,,3,
T0259,Data Engineers,4,Yes,Yes,Yes,Yes,Yes,No,No,,,Data Engineers,Data Engineers,,6,
T0260,Byte Tigers,2,Yes,Yes,Yes,Yes,Yes,Yes,No,,,,Byte Tigers,,8,
T0261,Dev Engineers,5,Yes,Yes,Yes,Yes,Yes,Yes,No,,,,Dev Engineers,,8,
T0262,Script Ninjas,2,Yes,Yes,Yes,No,No,No,No,,Script Ninjas,Script Ninjas,,,3,
T0263,Byte Ninjas,5,Yes,Yes,Yes,Yes,Yes,No,No,,,Byte Ninjas,Byte Ninjas,,6,
T0264,Dev Ninjas,4,Yes,Yes,Yes,Yes,No,No,No,,Dev Ninjas,Dev Ninjas,,,4,
,,,,,,,,,,,,,,,0,
T0266,Cyber Crew,3,Yes,Yes,Yes,Yes,Yes,Yes,No,,,,Cyber Crew,,8,
T0267,Code Squad,4,Yes,No,No,No,No,No,No,Code Squad,,Code Squad,,,1,
T0268,Bit Force,5,Yes,Yes,No,No,No,No,No,,Bit Force,Bit Force,,,2,
T0269,Hack Force,3,Yes,No,No,No,No,No,No,Hack Force,,Hack Force,,,1,
T0270,Script Rangers,4,Yes,Yes,Yes,Yes,Yes,Yes,No,,,,Script Rangers,,8,
T0271,Code Squad,4,Yes,Yes,Yes,Yes,Yes,Yes,No,,,,Code Squad,,8,
,,,,,,,,,,,,,,,0,
T0273,Byte Warriors,3,Yes,Yes,Yes,Yes,Yes,No,No,,,Byte Warriors,Byte Warriors,,6,
T0274,Script Masters,5,Yes,Yes,Yes,Yes,Yes,No,No,,,Script Masters,Script Masters,,6,
T0275,Bit Squad,3,Yes,Yes,Yes,Yes,Yes,Yes,No,,,,Bit Squad,,8,
T0276,Script Force,3,Yes,Yes,No,No,No,No,No,,Script Force,Script Force,,,2,
T0277,Algo Engineers,4,Yes,Yes,Yes,Yes,No,No,No,,Algo Engineers,Algo Engineers,,,4,
T0278,Code Crew,2,Yes,Yes,Yes,Yes,Yes,Yes,No,,,,Code Crew,,8,
T0279,Data Warriors,5,Yes,Yes,Yes,Yes,Yes,Yes,No,,,,Data Warriors,,8,
T0280,Algo Crew,4,Yes,Yes,Yes,Yes,No,No,No,,Algo Crew,Algo Crew,,,4,
T0281,Byte Ninjas,3,Yes,Yes,Yes,Yes,Yes,Yes,No,,,,Byte Ninjas,,8,
T0282,Script Warriors,5,Yes,Yes,No,No,No,No,No,,Script Warriors,Script Warriors,,,2,
T0283,Dev Wizards,4,Yes,Yes,Yes,Yes,Yes,Yes,No,,,,Dev Wizards,,8,
T0284,Data Tigers,4,Yes,Yes,Yes,Yes,No,No,No,,Data Tigers,Data Tigers,,,4,
T0285,Hack Ninjas,4,Yes,Yes,Yes,Yes,No,No,No,,Hack Ninjas,Hack Ninjas,,,4,
T0286,Code Rangers,4,Yes,Yes,Yes,Yes,Yes,Yes,No,,,,Code Rangers,,8,
T0287,Tech Rangers,3,Yes,Yes,Yes,Yes,Yes,No,No,,,Tech Rangers,Tech Rangers,,6,
T0288,Tech Tigers,2,Yes,Yes,Yes,Yes,No,No,No,,Tech Tigers,Tech Tigers,,,4,
T0289,Byte Crew,3,Yes,Yes,Yes,Yes,Yes,No,No,,,Byte Crew,Byte Crew,,6,
T0290,Algo Wizards,,Yes,Yes,Yes,No,No,No,No,,Algo Wizards,Algo Wizards,,,3,
T0291,Cyber Warriors,3,Yes,Yes,Yes,Yes,Yes,No,No,,,Cyber Warriors,Cyber Warriors,,6,
T0292,Data Warriors,3,Yes,Yes,Yes,Yes,Yes,Yes,No,,,,Data Warriors,,8,
T0293,Algo Rangers,5,Yes,Yes,Yes,Yes,No,No,No,,Algo Rangers,Algo Rangers,,,4,
T0294,Script Wizards,2,Yes,Yes,No,No,No,No,No,,Script Wizards,Script Wizards,,,2,
T0295,Byte Ninjas,3,Yes,Yes,Yes,No,No,No,No,,Byte Ninjas,Byte Ninjas,,,3,
T0296,Byte Crew,4,Yes,Yes,Yes,Yes,Yes,Yes,No,,,,Byte Crew,,8,
T0297,Byte Wizards,3,Yes,Yes,Yes,Yes,No,No,No,,Byte Wizards,Byte Wizards,,,4,
T0298,Script Rangers,5,Yes,Yes,Yes,Yes,No,No,No,,Script Rangers,Script Rangers,,,4,
T0299,Bit Wizards,5,Yes,Yes,Yes,Yes,Yes,Yes,No,,,,Bit Wizards,,8,
,,,,,,,,,,,,,,,0,
,,,,,,,,,,,,,,,0,
T0302,Script Rangers,2,Yes,Yes,No,No,No,No,No,,Script Rangers,Script Rangers,,,2,
T0303,Cyber Engineers,2,Yes,Yes,Yes,Yes,Yes,Yes,No,,,,Cyber Engineers,,8,
T0304,Script Ninjas,2,Yes,Yes,Yes,Yes,No,No,No,,Script Ninjas,Script Ninjas,,,4,
T0305,Tech Tigers,5,Yes,No,No,No,No,No,No,Tech Tigers,,Tech Tigers,,,1,
T0306,Hack Wizards,2,Yes,Yes,Yes,Yes,Yes,Yes,No,,,,Hack Wizards,,8,
T0307,Algo Rangers,5,Yes,Yes,Yes,Yes,No,No,No,,Algo Rangers,Algo Rangers,,,4,
T0308,Code Rangers,,Yes,Yes,Yes,Yes,No,No,No,,Code Rangers,Code Rangers,,,4,
T0309,Algo Crew,2,Yes,Yes,Yes,Yes,Yes,No,No,,,Algo Crew,Algo Crew,,6,
T0310,Cyber Engineers,3,Yes,Yes,Yes,Yes,Yes,Yes,No,,,,Cyber Engineers,,8,
T0311,Script Force,4,Yes,Yes,Yes,Yes,Yes,No,No,,,Script Force,Script Force,,6,
T0312,Hack Force,2,Yes,Yes,Yes,No,No,No,No,,Hack Force,Hack Force,,,3,
T0313,Algo Squad,4,Yes,Yes,Yes,No,No,No,No,,Algo Squad,Algo Squad,,,3,
T0314,Code Wizards,4,Yes,Yes,Yes,Yes,No,No,No,,Code Wizards,Code Wizards,,,4,
T0315,Hack Warriors,4,Yes,Yes,Yes,Yes,Yes,Yes,No,,,,Hack Warriors,,8,
T0316,Bit Crew,4,Yes,Yes,Yes,Yes,Yes,Yes,No,,,,Bit Crew,,8,
T0317,Dev Warriors,3,Yes,Yes,Yes,Yes,Yes,Yes,No,,,,Dev Warriors,,8,
T0318,Bit Squad,4,Yes,Yes,Yes,No,No,No,No,,Bit Squad,Bit Squad,,,3,
T0319,Hack Engineers,4,Yes,Yes,No,No,No,No,No,,Hack Engineers,Hack Engineers,,,2,
T0320,Algo Wizards,3,Yes,Yes,Yes,Yes,No,No,No,,Algo Wizards,Algo Wizards,,,4,
T0321,Code Ninjas,4,Yes,Yes,Yes,No,No,No,No,,Code Ninjas,Code Ninjas,,,3,
T0322,Algo Squad,5,Yes,Yes,Yes,No,No,No,No,,Algo Squad,Algo Squad,,,3,
T0323,Script Ninjas,4,Yes,Yes,Yes,Yes,No,No,No,,Script Ninjas,Script Ninjas,,,4,
T0324,Code Rangers,3,Yes,Yes,Yes,Yes,Yes,No,No,,,Code Rangers,Code Rangers,,6,
T0325,Data Rangers,2,Yes,Yes,Yes,Yes,No,No,No,,Data Rangers,Data Rangers,,,4,
T0326,Hack Force,3,Yes,Yes,Yes,Yes,No,No,No,,Hack Force,Hack Force,,,4,
T0327,Tech Tigers,3,Yes,Yes,Yes,Yes,Yes,Yes,No,,,,Tech Tigers,,8,
T0328,Code Rangers,5,Yes,Yes,Yes,Yes,No,No,No,,Code Rangers,Code Rangers,,,4,
T0329,Data Masters,5,Yes,Yes,Yes,No,No,No,No,,Data Masters,Data Masters,,,3,
T0330,Script Wizards,2,Yes,Yes,Yes,Yes,Yes,Yes,No,,,,Script Wizards,,8,
T0331,Hack Tigers,3,Yes,Yes,Yes,No,No,No,No,,Hack Tigers,Hack Tigers,,,3,
T0332,Hack Masters,2,Yes,Yes,Yes,Yes,Yes,No,No,,,Hack Masters,Hack Masters,,6,
T0333,Code Warriors,4,Yes,No,No,No,No,No,No,Code Warriors,,Code Warriors,,,1,
T0334,Dev Engineers,2,Yes,No,No,No,No,No,No,Dev Engineers,,Dev Engineers,,,1,
T0335,Bit Engineers,2,Yes,Yes,Yes,Yes,No,No,No,,Bit Engineers,Bit Engineers,,,4,
T0336,Hack Engineers,5,Yes,Yes,Yes,Yes,Yes,Yes,No,,,,Hack Engineers,,8,
T0337,Script Tigers,2,Yes,Yes,Yes,Yes,No,No,No,,Script Tigers,Script Tigers,,,4,
T0338,Byte Ninjas,2,Yes,Yes,Yes,No,No,No,No,,Byte Ninjas,Byte Ninjas,,,3,
T0339,Cyber Engineers,5,Yes,Yes,No,No,No,No,No,,Cyber Engineers,Cyber Engineers,,,2,
T0340,Hack Ninjas,5,Yes,Yes,Yes,Yes,Yes,No,No,,,Hack Ninjas,Hack Ninjas,,6,
T0341,Script Force,4,Yes,Yes,Yes,No,No,No,No,,Script Force,Script Force,,,3,
T0342,Byte Tigers,3,Yes,Yes,Yes,Yes,Yes,No,No,,,Byte Tigers,Byte Tigers,,6,
T0343,Tech Warriors,3,Yes,Yes,Yes,Yes,Yes,No,No,,,Tech Warriors,Tech Warriors,,6,
T0344,Cyber Force,3,Yes,Yes,Yes,Yes,Yes,Yes,No,,,,Cyber Force,,8,
T0345,Byte Force,3,Yes,Yes,Yes,Yes,No,No,No,,Byte Force,Byte Force,,,4,
T0346,Data Tigers,3,Yes,Yes,Yes,Yes,Yes,Yes,No,,,,Data Tigers,,8,
T0347,Cyber Ninjas,2,Yes,Yes,Yes,Yes,Yes,No,No,,,Cyber Ninjas,Cyber Ninjas,,6,
T0348,Hack Engineers,3,Yes,Yes,Yes,Yes,No,No,No,,Hack Engineers,Hack Engineers,,,4,
T0349,Dev Tigers,5,Yes,No,No,No,No,No,No,Dev Tigers,,Dev Tigers,,,1,
T0350,Algo Squad,5,Yes,Yes,Yes,Yes,Yes,Yes,No,,,,Algo Squad,,8,
T0351,Tech Squad,3,Yes,Yes,Yes,Yes,No,No,No,,Tech Squad,Tech Squad,,,4,
T0352,Dev Engineers,3,Yes,Yes,Yes,Yes,No,No,No,,Dev Engineers,Dev Engineers,,,4,
T0353,Cyber Rangers,5,Yes,Yes,Yes,No,No,No,No,,Cyber Rangers,Cyber Rangers,,,3,
T0354,Byte Force,4,Yes,Yes,Yes,No,No,No,No,,Byte Force,Byte Force,,,3,
T0355,Tech Ninjas,3,Yes,Yes,Yes,No,No,No,No,,Tech Ninjas,Tech Ninjas,,,3,
T0356,Tech Wizards,4,Yes,Yes,Yes,Yes,No,No,No,,Tech Wizards,Tech Wizards,,,4,
T0357,Script Warriors,4,Yes,Yes,Yes,Yes,Yes,No,No,,,Script Warriors,Script Warriors,,6,
T0358,Byte Ninjas,,Yes,Yes,Yes,Yes,Yes,Yes,No,,,,Byte Ninjas,,8,
T0359,Algo Tigers,5,Yes,Yes,Yes,Yes,Yes,Yes,No,,,,Algo Tigers,,8,
T0360,Byte Tigers,3,Yes,Yes,Yes,No,No,No,No,,Byte Tigers,Byte Tigers,,,3,
T0361,Hack Tigers,2,Yes,Yes,Yes,Yes,Yes,Yes,No,,,,Hack Tigers,,8,
T0362,Hack Warriors,5,Yes,Yes,Yes,Yes,No,No,No,,Hack Warriors,Hack Warriors,,,4,
T0363,Dev Masters,2,Yes,Yes,Yes,Yes,Yes,Yes,No,,,,Dev Masters,,8,
T0364,Script Engineers,4,Yes,Yes,Yes,Yes,Yes,Yes,No,,,,Script Engineers,,8,
T0365,Cyber Masters,5,Yes,Yes,Yes,Yes,No,No,No,,Cyber Masters,Cyber Masters,,,4,
T0366,Dev Rangers,4,Yes,Yes,Yes,Yes,Yes,No,No,,,Dev Rangers,Dev Rangers,,6,
T0367,Byte Squad,2,Yes,Yes,Yes,Yes,No,No,No,,Byte Squad,Byte Squad,,,4,
T0368,Algo Engineers,4,Yes,Yes,Yes,Yes,No,No,No,,Algo Engineers,Algo Engineers,,,4,
,,,,,,,,,,,,,,,0,
T0370,Script Squad,2,Yes,Yes,Yes,Yes,Yes,No,No,,,Script Squad,Script Squad,,6,
T0371,Dev Engineers,3,Yes,Yes,Yes,Yes,No,No,No,,Dev Engineers,Dev Engineers,,,4,
T0372,Code Engineers,4,Yes,Yes,Yes,Yes,Yes,Yes,No,,,,Code Engineers,,8,
T0373,Code Rangers,3,Yes,Yes,No,No,No,No,No,,Code Rangers,Code Rangers,,,2,
T0374,Hack Masters,2,Yes,Yes,Yes,Yes,Yes,Yes,No,,,,Hack Masters,,8,
T0375,Code Ninjas,4,Yes,Yes,Yes,Yes,Yes,No,No,,,Code Ninjas,Code Ninjas,,6,
T0376,Byte Crew,4,Yes,Yes,Yes,No,No,No,No,,Byte Crew,Byte Crew,,,3,
T0377,Cyber Rangers,4,Yes,Yes,Yes,Yes,Yes,Yes,No,,,,Cyber Rangers,,8,
T0378,Cyber Ninjas,3,Yes,Yes,Yes,Yes,Yes,Yes,No,,,,Cyber Ninjas,,8,
T0379,Tech Tigers,5,Yes,Yes,Yes,Yes,No,No,No,,Tech Tigers,Tech Tigers,,,4,
T0380,Data Ninjas,3,Yes,Yes,Yes,Yes,No,No,No,,Data Ninjas,Data Ninjas,,,4,
T0381,Cyber Tigers,5,Yes,Yes,Yes,No,No,No,No,,Cyber Tigers,Cyber Tigers,,,3,
T0382,Cyber Force,4,Yes,Yes,Yes,Yes,Yes,Yes,No,,,,Cyber Force,,8,
T0383,Hack Squad,3,Yes,Yes,Yes,Yes,Yes,Yes,No,,,,Hack Squad,,8,
T0384,Bit Squad,5,Yes,Yes,Yes,Yes,Yes,Yes,No,,,,Bit Squad,,8,
T0385,Hack Force,3,Yes,Yes,Yes,Yes,No,No,No,,Hack Force,Hack Force,,,4,
T0386,Dev Ninjas,3,Yes,Yes,Yes,Yes,No,No,No,,Dev Ninjas,Dev Ninjas,,,4,
T0387,Cyber Wizards,4,Yes,Yes,Yes,Yes,No,No,No,,Cyber Wizards,Cyber Wizards,,,4,
T0388,Cyber Ninjas,5,Yes,Yes,Yes,Yes,Yes,Yes,No,,,,Cyber Ninjas,,8,
T0389,Code Warriors,5,Yes,Yes,Yes,Yes,Yes,Yes,No,,,,Code Warriors,,8,
T0390,Dev Rangers,2,Yes,Yes,Yes,Yes,Yes,Yes,No,,,,Dev Rangers,,8,
T0391,Script Wizards,3,Yes,Yes,Yes,Yes,Yes,Yes,No,,,,Script Wizards,,8,
T0392,Cyber Tigers,3,Yes,Yes,Yes,Yes,No,No,No,,Cyber Tigers,Cyber Tigers,,,4,
T0393,Script Crew,5,Yes,Yes,No,No,No,No,No,,Script Crew,Script Crew,,,2,
T0394,Data Squad,3,Yes,Yes,Yes,No,No,No,No,,Data Squad,Data Squad,,,3,
,,,,,,,,,,,,,,,0,
T0396,Script Crew,3,Yes,Yes,Yes,Yes,Yes,Yes,No,,,,Script Crew,,8,
T0397,Data Rangers,5,Yes,Yes,Yes,Yes,Yes,Yes,No,,,,Data Rangers,,8,
T0398,Data Crew,,Yes,No,No,No,No,No,No,Data Crew,,Data Crew,,,1,
T0399,Tech Force,2,Yes,Yes,Yes,Yes,No,No,No,,Tech Force,Tech Force,,,4,
T0400,Algo Engineers,3,Yes,Yes,No,No,No,No,No,,Algo Engineers,Algo Engineers,,,2,
T0401,Hack Squad,3,Yes,Yes,No,No,No,No,No,,Hack Squad,Hack Squad,,,2,
T0402,Data Squad,3,Yes,Yes,Yes,No,No,No,No,,Data Squad,Data Squad,,,3,
T0403,Cyber Force,5,Yes,No,No,No,No,No,No,Cyber Force,,Cyber Force,,,1,
T0404,Dev Wizards,5,Yes,Yes,Yes,No,No,No,No,,Dev Wizards,Dev Wizards,,,3,
T0405,Bit Warriors,4,Yes,Yes,No,No,No,No,No,,Bit Warriors,Bit Warriors,,,2,
T0406,Byte Masters,3,Yes,Yes,Yes,Yes,Yes,Yes,No,,,,Byte Masters,,8,
T0407,Hack Wizards,5,Yes,No,No,No,No,No,No,Hack Wizards,,Hack Wizards,,,1,
T0408,Script Engineers,4,Yes,Yes,Yes,Yes,No,No,No,,Script Engineers,Script Engineers,,,4,
T0409,Dev Tigers,3,Yes,Yes,Yes,Yes,Yes,No,No,,,Dev Tigers,Dev Tigers,,6,
T0410,Script Force,3,Yes,Yes,Yes,Yes,No,No,No,,Script Force,Script Force,,,4,
T0411,Tech Masters,5,Yes,Yes,Yes,No,No,No,No,,Tech Masters,Tech Masters,,,3,
T0412,Cyber Masters,3,Yes,Yes,Yes,No,No,No,No,,Cyber Masters,Cyber Masters,,,3,
T0413,Byte Force,5,Yes,Yes,Yes,No,No,No,No,,Byte Force,Byte Force,,,3,
T0414,Algo Warriors,4,Yes,Yes,Yes,Yes,Yes,Yes,No,,,,Algo Warriors,,8,
T0415,Cyber Tigers,5,Yes,Yes,Yes,Yes,Yes,Yes,No,,,,Cyber Tigers,,8,
T0416,Algo Squad,2,Yes,Yes,No,No,No,No,No,,Algo Squad,Algo Squad,,,2,
T0417,Data Ninjas,2,Yes,No,No,No,No,No,No,Data Ninjas,,Data Ninjas,,,1,
T0418,Byte Crew,5,Yes,Yes,Yes,Yes,No,No,No,,Byte Crew,Byte Crew,,,4,
T0419,Cyber Ninjas,5,Yes,Yes,No,No,No,No,No,,Cyber Ninjas,Cyber Ninjas,,,2,
T0420,Hack Wizards,3,Yes,Yes,Yes,Yes,Yes,Yes,No,,,,Hack Wizards,,8,
T0421,Dev Crew,4,Yes,Yes,Yes,No,No,No,No,,Dev Crew,Dev Crew,,,3,
T0422,Byte Force,2,Yes,Yes,Yes,Yes,No,No,No,,Byte Force,Byte Force,,,4,
T0423,Data Wizards,2,Yes,Yes,Yes,Yes,No,No,No,,Data Wizards,Data Wizards,,,4,
T0424,Hack Engineers,4,Yes,Yes,Yes,Yes,Yes,Yes,No,,,,Hack Engineers,,8,
T0425,Dev Squad,5,Yes,Yes,Yes,Yes,No,No,No,,Dev Squad,Dev Squad,,,4,
T0426,Hack Squad,2,Yes,Yes,Yes,Yes,Yes,No,No,,,Hack Squad,Hack Squad,,6,
T0427,Hack Tigers,3,Yes,No,No,No,No,No,No,Hack Tigers,,Hack Tigers,,,1,
T0428,Dev Ninjas,4,Yes,Yes,Yes,Yes,No,No,No,,Dev Ninjas,Dev Ninjas,,,4,
T0429,Hack Crew,4,Yes,No,No,No,No,No,No,Hack Crew,,Hack Crew,,,1,
T0430,Tech Masters,2,Yes,Yes,Yes,Yes,Yes,Yes,No,,,,Tech Masters,,8,
T0431,Algo Force,5,Yes,Yes,Yes,Yes,Yes,Yes,No,,,,Algo Force,,8,
T0432,Hack Wizards,5,Yes,Yes,Yes,Yes,Yes,Yes,No,,,,Hack Wizards,,8,
T0433,Byte Warriors,2,Yes,No,No,No,No,No,No,Byte Warriors,,Byte Warriors,,,1,
T0434,Dev Warriors,3,Yes,Yes,Yes,Yes,Yes,No,No,,,Dev Warriors,Dev Warriors,,6,
T0435,Data Engineers,5,Yes,No,No,No,No,No,No,Data Engineers,,Data Engineers,,,1,
T0436,Tech Ninjas,4,Yes,Yes,Yes,Yes,Yes,Yes,No,,,,Tech Ninjas,,8,
T0437,Algo Tigers,4,Yes,Yes,Yes,Yes,Yes,Yes,No,,,,Algo Tigers,,8,
T0438,Byte Rangers,2,Yes,Yes,Yes,Yes,Yes,Yes,No,,,,Byte Rangers,,8,
T0439,Script Squad,2,Yes,Yes,Yes,Yes,Yes,Yes,No,,,,Script Squad,,8,
T0440,Dev Force,2,Yes,Yes,Yes,No,No,No,No,,Dev Force,Dev Force,,,3,
T0441,Dev Force,4,Yes,Yes,Yes,Yes,Yes,Yes,No,,,,Dev Force,,8,
T0442,Script Warriors,4,Yes,Yes,Yes,Yes,Yes,No,No,,,Script Warriors,Script Warriors,,6,
T0443,Data Crew,4,Yes,Yes,Yes,Yes,Yes,No,No,,,Data Crew,Data Crew,,6,
T0444,Tech Ninjas,4,Yes,Yes,Yes,Yes,Yes,Yes,No,,,,Tech Ninjas,,8,
T0445,Dev Tigers,4,Yes,No,No,No,No,No,No,Dev Tigers,,Dev Tigers,,,1,
T0446,Code Force,3,Yes,Yes,Yes,Yes,No,No,No,,Code Force,Code Force,,,4,
T0447,Code Rangers,,Yes,Yes,Yes,Yes,Yes,Yes,No,,,,Code Rangers,,8,
T0448,Tech Squad,3,Yes,Yes,Yes,Yes,Yes,Yes,No,,,,Tech Squad,,8,
T0449,Code Crew,2,Yes,Yes,Yes,Yes,Yes,Yes,No,,,,Code Crew,,8,
T0450,Algo Masters,4,Yes,Yes,Yes,No,No,No,No,,Algo Masters,Algo Masters,,,3,
T0451,Algo Rangers,5,Yes,Yes,Yes,Yes,No,No,No,,Algo Rangers,Algo Rangers,,,4,
T0452,Byte Crew,2,Yes,Yes,Yes,Yes,No,No,No,,Byte Crew,Byte Crew,,,4,
T0453,Code Tigers,2,Yes,Yes,Yes,No,No,No,No,,Code Tigers,Code Tigers,,,3,
T0454,Data Ninjas,4,Yes,Yes,Yes,Yes,Yes,No,No,,,Data Ninjas,Data Ninjas,,6,
T0455,Algo Wizards,4,Yes,Yes,Yes,No,No,No,No,,Algo Wizards,Algo Wizards,,,3,
T0456,Algo Masters,4,Yes,Yes,No,No,No,No,No,,Algo Masters,Algo Masters,,,2,
T0457,Code Warriors,5,Yes,Yes,Yes,Yes,Yes,No,No,,,Code Warriors,Code Warriors,,6,
T0458,Dev Force,2,Yes,Yes,Yes,Yes,Yes,Yes,No,,,,Dev Force,,8,
T0459,Byte Force,3,Yes,Yes,Yes,Yes,Yes,No,No,,,Byte Force,Byte Force,,6,
T0460,Dev Wizards,4,Yes,Yes,Yes,Yes,No,No,No,,Dev Wizards,Dev Wizards,,,4,
T0461,Bit Rangers,3,Yes,Yes,No,No,No,No,No,,Bit Rangers,Bit Rangers,,,2,
T0462,Code Force,5,Yes,Yes,Yes,Yes,Yes,Yes,Yes,,,,,Code Force,11,
T0463,Algo Force,,Yes,No,No,No,No,No,No,Algo Force,,Algo Force,,,1,
T0464,Hack Rangers,4,Yes,Yes,Yes,Yes,Yes,Yes,No,,,,Hack Rangers,,8,
T0465,Script Ninjas,5,Yes,Yes,Yes,No,No,No,No,,Script Ninjas,Script Ninjas,,,3,
T0466,Tech Engineers,2,Yes,Yes,Yes,Yes,No,No,No,,Tech Engineers,Tech Engineers,,,4,
T0467,Hack Rangers,4,Yes,Yes,Yes,Yes,Yes,Yes,No,,,,Hack Rangers,,8,
T0468,Bit Engineers,3,Yes,Yes,Yes,Yes,Yes,Yes,No,,,,Bit Engineers,,8,
T0469,Hack Squad,3,Yes,Yes,Yes,Yes,Yes,Yes,No,,,,Hack Squad,,8,
T0470,Cyber Rangers,3,Yes,Yes,Yes,Yes,Yes,Yes,No,,,,Cyber Rangers,,8,
T0471,Data Tigers,2,Yes,Yes,No,No,No,No,No,,Data Tigers,Data Tigers,,,2,
T0472,Dev Warriors,5,Yes,Yes,Yes,Yes,Yes,Yes,No,,,,Dev Warriors,,8,
T0473,Cyber Ninjas,2,Yes,Yes,Yes,Yes,Yes,Yes,No,,,,Cyber Ninjas,,8,
T0474,Byte Crew,5,Yes,Yes,Yes,Yes,Yes,Yes,No,,,,Byte Crew,,8,
T0475,Data Engineers,3,Yes,Yes,Yes,Yes,Yes,Yes,No,,,,Data Engineers,,8,
T0476,Dev Rangers,5,Yes,Yes,Yes,No,No,No,No,,Dev Rangers,Dev Rangers,,,3,
T0477,Dev Squad,,Yes,Yes,Yes,Yes,No,No,No,,Dev Squad,Dev Squad,,,4,
T0478,Tech Engineers,3,Yes,Yes,Yes,Yes,Yes,Yes,No,,,,Tech Engineers,,8,
T0479,Dev Rangers,3,Yes,Yes,Yes,Yes,No,No,No,,Dev Rangers,Dev Rangers,,,4,
,,,,,,,,,,,,,,,0,
T0481,Code Rangers,3,Yes,Yes,Yes,No,No,No,No,,Code Rangers,Code Rangers,,,3,
T0482,Script Force,5,Yes,Yes,Yes,Yes,Yes,Yes,No,,,,Script Force,,8,
T0483,Script Squad,2,Yes,Yes,Yes,Yes,No,No,No,,Script Squad,Script Squad,,,4,
T0484,Algo Tigers,5,Yes,Yes,Yes,Yes,Yes,No,No,,,Algo Tigers,Algo Tigers,,6,
T0485,Cyber Force,5,Yes,Yes,Yes,No,No,No,No,,Cyber Force,Cyber Force,,,3,
T0486,Cyber Squad,2,Yes,Yes,Yes,Yes,Yes,No,No,,,Cyber Squad,Cyber Squad,,6,
T0487,Hack Rangers,2,Yes,Yes,Yes,Yes,Yes,Yes,No,,,,Hack Rangers,,8,
T0488,Bit Crew,2,Yes,Yes,Yes,Yes,No,No,No,,Bit Crew,Bit Crew,,,4,
T0489,Code Crew,4,Yes,Yes,Yes,No,No,No,No,,Code Crew,Code Crew,,,3,
T0490,Byte Tigers,2,Yes,Yes,Yes,Yes,Yes,Yes,No,,,,Byte Tigers,,8,
T0491,Hack Masters,5,Yes,No,No,No,No,No,No,Hack Masters,,Hack Masters,,,1,
T0492,Cyber Crew,,Yes,Yes,Yes,Yes,Yes,No,No,,,Cyber Crew,Cyber Crew,,6,
T0493,Dev Crew,4,Yes,Yes,Yes,Yes,Yes,Yes,No,,,,Dev Crew,,8,
T0494,Tech Squad,5,Yes,Yes,Yes,Yes,Yes,No,No,,,Tech Squad,Tech Squad,,6,
T0495,Code Masters,,Yes,Yes,Yes,Yes,Yes,Yes,No,,,,Code Masters,,8,
T0496,Data Force,2,Yes,Yes,Yes,Yes,Yes,Yes,No,,,,Data Force,,8,
T0497,Data Engineers,3,Yes,Yes,Yes,Yes,Yes,Yes,No,,,,Data Engineers,,8,
T0498,Script Force,3,Yes,Yes,Yes,No,No,No,No,,Script Force,Script Force,,,3,
T0499,Cyber Squad,,Yes,Yes,Yes,Yes,Yes,Yes,No,,,,Cyber Squad,,8,
T0500,Data Ninjas,4,Yes,Yes,Yes,Yes,No,No,No,,Data Ninjas,Data Ninjas,,,4,
T0501,Cyber Tigers,2,Yes,Yes,Yes,Yes,Yes,Yes,No,,,,Cyber Tigers,,8,
T0502,Cyber Squad,,Yes,Yes,Yes,Yes,Yes,Yes,No,,,,Cyber Squad,,8,
T0503,Code Wizards,2,Yes,Yes,Yes,Yes,No,No,No,,Code Wizards,Code Wizards,,,4,
T0504,Bit Ninjas,3,Yes,Yes,No,No,No,No,No,,Bit Ninjas,Bit Ninjas,,,2,
T0505,Cyber Rangers,3,Yes,Yes,Yes,Yes,Yes,No,No,,,Cyber Rangers,Cyber Rangers,,6,
T0506,Code Masters,3,Yes,No,No,No,No,No,No,Code Masters,,Code Masters,,,1,
,,,,,,,,,,,,,,,0,
T0508,Dev Crew,5,Yes,Yes,No,No,No,No,No,,Dev Crew,Dev Crew,,,2,
T0509,Cyber Wizards,4,Yes,Yes,Yes,No,No,No,No,,Cyber Wizards,Cyber Wizards,,,3,
T0510,Hack Wizards,2,Yes,Yes,Yes,Yes,No,No,No,,Hack Wizards,Hack Wizards,,,4,
T0511,Code Masters,2,Yes,Yes,Yes,Yes,Yes,Yes,No,,,,Code Masters,,8,
T0512,Byte Wizards,3,Yes,Yes,Yes,Yes,No,No,No,,Byte Wizards,Byte Wizards,,,4,
T0513,Code Ninjas,3,Yes,Yes,Yes,Yes,Yes,Yes,No,,,,Code Ninjas,,8,
T0514,Script Tigers,2,Yes,No,No,No,No,No,No,Script Tigers,,Script Tigers,,,1,
T0515,Script Tigers,5,Yes,Yes,Yes,Yes,Yes,No,No,,,Script Tigers,Script Tigers,,6,
T0516,Algo Masters,3,Yes,Yes,Yes,Yes,Yes,Yes,No,,,,Algo Masters,,8,
T0517,Cyber Squad,3,Yes,Yes,Yes,Yes,Yes,Yes,No,,,,Cyber Squad,,8,
T0518,Dev Crew,5,Yes,Yes,Yes,Yes,Yes,Yes,No,,,,Dev Crew,,8,
T0519,Hack Wizards,2,Yes,No,No,No,No,No,No,Hack Wizards,,Hack Wizards,,,1,
T0520,Byte Masters,4,Yes,No,No,No,No,No,No,Byte Masters,,Byte Masters,,,1,
T0521,Data Rangers,5,Yes,Yes,Yes,Yes,Yes,Yes,Yes,,,,,Data Rangers,11,
T0522,Algo Engineers,5,Yes,Yes,Yes,Yes,No,No,No,,Algo Engineers,Algo Engineers,,,4,
T0523,Dev Wizards,3,Yes,Yes,Yes,Yes,Yes,Yes,No,,,,Dev Wizards,,8,
T0524,Data Squad,4,Yes,Yes,Yes,Yes,No,No,No,,Data Squad,Data Squad,,,4,
T0525,Script Masters,5,Yes,Yes,Yes,Yes,No,No,No,,Script Masters,Script Masters,,,4,
T0526,Tech Squad,4,Yes,Yes,Yes,Yes,No,No,No,,Tech Squad,Tech Squad,,,4,
T0527,Code Ninjas,4,Yes,Yes,Yes,Yes,No,No,No,,Code Ninjas,Code Ninjas,,,4,
T0528,Data Rangers,5,Yes,Yes,No,No,No,No,No,,Data Rangers,Data Rangers,,,2,
T0529,Byte Masters,2,Yes,Yes,Yes,Yes,Yes,Yes,No,,,,Byte Masters,,8,
T0530,Script Squad,3,Yes,Yes,Yes,Yes,Yes,Yes,Yes,,,,,Script Squad,11,
T0531,Tech Tigers,3,Yes,Yes,Yes,Yes,No,No,No,,Tech Tigers,Tech Tigers,,,4,
T0532,Cyber Engineers,4,Yes,Yes,Yes,No,No,No,No,,Cyber Engineers,Cyber Engineers,,,3,
T0533,Dev Warriors,3,Yes,Yes,Yes,Yes,Yes,Yes,No,,,,Dev Warriors,,8,
T0534,Hack Masters,3,Yes,Yes,No,No,No,No,No,,Hack Masters,Hack Masters,,,2,
T0535,Data Rangers,4,Yes,Yes,Yes,Yes,No,No,No,,Data Rangers,Data Rangers,,,4,
T0536,Script Force,,Yes,Yes,Yes,Yes,No,No,No,,Script Force,Script Force,,,4,
T0537,Cyber Ninjas,3,Yes,Yes,Yes,Yes,No,No,No,,Cyber Ninjas,Cyber Ninjas,,,4,
T0538,Byte Masters,4,Yes,Yes,Yes,Yes,Yes,Yes,No,,,,Byte Masters,,8,
T0539,Dev Ninjas,5,Yes,Yes,Yes,Yes,Yes,Yes,No,,,,Dev Ninjas,,8,
T0540,Data Tigers,2,Yes,Yes,Yes,Yes,Yes,No,No,,,Data Tigers,Data Tigers,,6,
T0541,Algo Force,5,Yes,Yes,Yes,No,No,No,No,,Algo Force,Algo Force,,,3,
T0542,Tech Masters,3,Yes,Yes,Yes,Yes,Yes,No,No,,,Tech Masters,Tech Masters,,6,
T0543,Bit Squad,4,Yes,Yes,Yes,No,No,No,No,,Bit Squad,Bit Squad,,,3,
T0544,Cyber Warriors,5,Yes,Yes,Yes,No,No,No,No,,Cyber Warriors,Cyber Warriors,,,3,
T0545,Byte Tigers,2,Yes,Yes,Yes,Yes,No,No,No,,Byte Tigers,Byte Tigers,,,4,
T0546,Data Squad,4,Yes,Yes,Yes,Yes,Yes,Yes,No,,,,Data Squad,,8,
T0547,Algo Engineers,3,Yes,No,No,No,No,No,No,Algo Engineers,,Algo Engineers,,,1,
T0548,Data Wizards,3,Yes,Yes,Yes,Yes,Yes,No,No,,,Data Wizards,Data Wizards,,6,
T0549,Data Ninjas,2,Yes,Yes,Yes,Yes,No,No,No,,Data Ninjas,Data Ninjas,,,4,
T0550,Dev Rangers,2,Yes,Yes,Yes,No,No,No,No,,Dev Rangers,Dev Rangers,,,3,
T0551,Algo Force,3,Yes,Yes,Yes,Yes,Yes,Yes,No,,,,Algo Force,,8,
T0552,Hack Force,5,Yes,Yes,Yes,Yes,No,No,No,,Hack Force,Hack Force,,,4,
T0553,Dev Force,3,Yes,Yes,Yes,Yes,Yes,Yes,No,,,,Dev Force,,8,
T0554,Dev Wizards,,Yes,Yes,No,No,No,No,No,,Dev Wizards,Dev Wizards,,,2,
T0555,Cyber Crew,3,Yes,Yes,Yes,Yes,Yes,Yes,No,,,,Cyber Crew,,8,
T0556,Algo Crew,2,Yes,Yes,Yes,Yes,Yes,Yes,Yes,,,,,Algo Crew,11,
T0557,Byte Engineers,3,Yes,Yes,Yes,Yes,Yes,Yes,No,,,,Byte Engineers,,8,
T0558,Code Crew,2,Yes,Yes,Yes,Yes,Yes,Yes,No,,,,Code Crew,,8,
T0559,Cyber Warriors,4,Yes,Yes,Yes,Yes,No,No,No,,Cyber Warriors,Cyber Warriors,,,4,
T0560,Algo Wizards,5,Yes,Yes,Yes,Yes,Yes,Yes,No,,,,Algo Wizards,,8,
T0561,Cyber Force,4,Yes,Yes,Yes,No,No,No,No,,Cyber Force,Cyber Force,,,3,
T0562,Hack Tigers,5,Yes,Yes,Yes,Yes,Yes,Yes,No,,,,Hack Tigers,,8,
T0563,Algo Crew,2,Yes,Yes,Yes,No,No,No,No,,Algo Crew,Algo Crew,,,3,
T0564,Cyber Warriors,4,Yes,Yes,No,No,No,No,No,,Cyber Warriors,Cyber Warriors,,,2,
T0565,Script Squad,2,Yes,Yes,Yes,Yes,Yes,Yes,No,,,,Script Squad,,8,
T0566,Algo Crew,3,Yes,Yes,No,No,No,No,No,,Algo Crew,Algo Crew,,,2,
T0567,Hack Engineers,4,Yes,No,No,No,No,No,No,Hack Engineers,,Hack Engineers,,,1,
T0568,Bit Engineers,2,Yes,Yes,Yes,Yes,Yes,Yes,No,,,,Bit Engineers,,8,
T0569,Bit Tigers,4,Yes,Yes,Yes,Yes,Yes,Yes,No,,,,Bit Tigers,,8,
T0570,Bit Wizards,5,Yes,Yes,Yes,No,No,No,No,,Bit Wizards,Bit Wizards,,,3,
T0571,Script Engineers,4,Yes,No,No,No,No,No,No,Script Engineers,,Script Engineers,,,1,
T0572,Dev Wizards,4,Yes,No,No,No,No,No,No,Dev Wizards,,Dev Wizards,,,1,
T0573,Script Rangers,3,Yes,Yes,Yes,No,No,No,No,,Script Rangers,Script Rangers,,,3,
T0574,Code Wizards,2,Yes,Yes,Yes,No,No,No,No,,Code Wizards,Code Wizards,,,3,
T0575,Code Tigers,2,Yes,Yes,No,No,No,No,No,,Code Tigers,Code Tigers,,,2,
T0576,Dev Tigers,5,Yes,Yes,Yes,No,No,No,No,,Dev Tigers,Dev Tigers,,,3,
T0577,Data Tigers,3,Yes,Yes,Yes,Yes,Yes,Yes,No,,,,Data Tigers,,8,
T0578,Dev Masters,4,Yes,Yes,Yes,Yes,Yes,Yes,No,,,,Dev Masters,,8,
T0579,Bit Engineers,2,Yes,Yes,Yes,Yes,No,No,No,,Bit Engineers,Bit Engineers,,,4,
T0580,Code Force,2,Yes,Yes,No,No,No,No,No,,Code Force,Code Force,,,2,
T0581,Dev Crew,4,Yes,Yes,Yes,Yes,Yes,Yes,No,,,,Dev Crew,,8,
T0582,Hack Warriors,3,Yes,Yes,Yes,Yes,Yes,Yes,No,,,,Hack Warriors,,8,
T0583,Byte Wizards,2,Yes,Yes,No,No,No,No,No,,Byte Wizards,Byte Wizards,,,2,
T0584,Data Wizards,2,Yes,Yes,Yes,Yes,Yes,Yes,No,,,,Data Wizards,,8,
T0585,Bit Rangers,2,Yes,Yes,Yes,No,No,No,No,,Bit Rangers,Bit Rangers,,,3,
T0586,Cyber Rangers,4,Yes,Yes,Yes,No,No,No,No,,Cyber Rangers,Cyber Rangers,,,3,
T0587,Tech Engineers,3,Yes,Yes,Yes,Yes,Yes,Yes,No,,,,Tech Engineers,,8,
T0588,Bit Engineers,4,Yes,Yes,Yes,Yes,No,No,No,,Bit Engineers,Bit Engineers,,,4,
,,,,,,,,,,,,,,,0,
T0590,Code Wizards,3,Yes,Yes,Yes,Yes,Yes,Yes,No,,,,Code Wizards,,8,
T0591,Hack Warriors,4,Yes,Yes,Yes,Yes,Yes,Yes,No,,,,Hack Warriors,,8,
T0592,Algo Engineers,4,Yes,Yes,Yes,Yes,Yes,Yes,No,,,,Algo Engineers,,8,
T0593,Dev Rangers,4,Yes,Yes,Yes,Yes,Yes,Yes,No,,,,Dev Rangers,,8,
T0594,Tech Ninjas,5,Yes,Yes,No,No,No,No,No,,Tech Ninjas,Tech Ninjas,,,2,
T0595,Hack Wizards,2,Yes,No,No,No,No,No,No,Hack Wizards,,Hack Wizards,,,1,
T0596,Algo Ninjas,3,Yes,Yes,Yes,Yes,Yes,No,No,,,Algo Ninjas,Algo Ninjas,,6,
T0597,Byte Wizards,2,Yes,Yes,Yes,Yes,No,No,No,,Byte Wizards,Byte Wizards,,,4,
T0598,Bit Masters,3,Yes,Yes,Yes,Yes,Yes,No,No,,,Bit Masters,Bit Masters,,6,
T0599,Dev Rangers,4,Yes,Yes,Yes,Yes,Yes,Yes,No,,,,Dev Rangers,,8,
T0600,Dev Ninjas,2,Yes,Yes,Yes,Yes,Yes,Yes,No,,,,Dev Ninjas,,8,